day,category,topic_angle,hook_idea
1,startup_funding,Indian startup that raised seed but pivoted in 12 months,"They raised money fast, then changed the whole game in a year."
2,old_business_story,How a legacy Indian brand survived the 1991 reforms,"This old company should have died in 1991. It did the opposite."
3,trade_story,Why rupee movement changes exporter margins,"One currency move can kill a profitable export deal."
4,geopolitics,How Red Sea disruptions hit Indian SME imports,"A conflict thousands of kilometers away is raising your costs today."
5,supply_chain_story,Inside the smartphone supply chain beyond the final brand,"The biggest winners in phones are not the phone brands."
6,unknown_export,India's hidden spice extracts export story,"This Indian export is in global products you use daily."
7,financial_freedom,Emergency fund math for freelancers,"Financial freedom starts with one boring number."
8,startup_funding,Bridge round vs priced round explained with example,"Same company, two funding choices, two very different futures."
9,old_business_story,Family business succession done right,"The founder stepped down and the company accelerated."
10,trade_story,How logistics insurance changes net profit,"One ignored shipping line in your invoice is eating margins."
11,geopolitics,Semiconductor restrictions and India opportunities,"Global chip tensions are opening a window for India."
12,supply_chain_story,Cocoa to chocolate brand value chain,"Most profit in chocolate is made before branding begins."
13,unknown_export,Indian castor derivatives in global manufacturing,"A niche Indian chemical quietly powers global factories."
14,financial_freedom,50-30-20 rule adapted for Indian metros,"The classic budget rule fails unless you tweak this one part."
15,startup_funding,Unit economics hidden behind GMV headlines,"High GMV can still hide a broken business model."
16,old_business_story,Textile mill reinvention through exports,"A traditional mill became global by changing one strategy."
17,trade_story,Incoterms that small exporters keep getting wrong,"One contract word can decide who absorbs a big loss."
18,geopolitics,Oil route risk and shipping premiums,"Geopolitics can change your landed cost overnight."
19,supply_chain_story,EV battery materials and refining chain,"The EV race is really a materials supply chain race."
20,unknown_export,India's technical textile export opportunity,"This boring product has explosive export potential."
21,financial_freedom,Compounding with SIP and inflation reality,"Compounding works only if you beat this invisible tax."
22,startup_funding,Founder-market fit stories from India,"The best funding signal is not pitch quality."
23,old_business_story,How a distributor became a national brand,"They started as middlemen and ended up owning the market."
24,trade_story,Freight rate cycles and pricing strategy,"If you do not track freight cycles, your quote is a gamble."
25,geopolitics,Trade corridor projects and Indian exporters,"A new corridor can create winners before most people notice."
26,supply_chain_story,Coffee supply chain from farm to premium cafe,"The margin jumps at one surprising step in the chain."
27,unknown_export,Marine product export clusters in India,"A coastal cluster is quietly printing export growth."
28,financial_freedom,Debt snowball vs avalanche for Indian users,"Two debt strategies, one clear winner for most people."
29,startup_funding,Secondary sales and founder liquidity,"A founder can become rich before IPO. Smart or risky?"
30,geopolitics,Sanctions and rerouted trade flows,"When sanctions hit, trade does not stop. It reroutes."